order_id,customer_id,product_id,quantity,currency,date
1001,C01,P01,2,INR,2026-01-10
1002,C02,P02,3,INR,2026-01-15
1003,C03,P01,1,INR,2026-01-20
1004,C04,P04,5,INR,2026-01-25
1005,C05,P03,2,INR,2026-02-05
1006,C06,P02,2,INR,2026-02-10
1007,C07,P07,2,INR,2026-02-15
1008,C08,P09,3,INR,2026-02-20
1009,C09,P04,4,INR,2026-02-25
1010,C10,P06,5,INR,2026-03-01
1011,C01,P03,1,INR,2026-03-05
1012,C02,P08,2,INR,2026-03-10
1013,C03,P05,3,INR,2026-03-15
1014,C07,P01,1,INR,2026-03-20
1015,C13,P10,4,INR,2026-03-25
1016,C14,P11,2,INR,2026-04-01
1017,C15,P12,3,INR,2026-04-05
1018,C11,P13,2,INR,2026-04-10
1019,C12,P14,2,INR,2026-04-15
1020,C05,P15,1,INR,2026-04-20